Tool,Pangram,GPTZero,Originality.ai,Copyleaks,Winston AI,ZeroGPT,Average
GPTHuman,90.1%,93.7%,94.2%,91.8%,92.6%,92.0%,92.4%
WriteHuman,82.4%,89.6%,88.9%,86.3%,87.1%,88.4%,87.1%
UndetectedGPT,79.8%,86.1%,85.7%,83.9%,84.6%,85.2%,84.2%
Undetectable.ai,76.3%,83.4%,82.8%,80.1%,81.7%,81.0%,80.9%
Stealth Writer,73.9%,80.2%,79.6%,78.4%,79.1%,80.5%,78.6%
HIX Bypass,67.2%,73.8%,74.1%,71.6%,72.4%,71.9%,71.8%
Phrasly,88.7%,91.9%,91.4%,90.2%,90.8%,90.5%,90.6%
SmartHumanizer,64.1%,70.6%,69.8%,67.9%,68.7%,68.9%,68.3%
GPTinf,61.8%,67.4%,66.9%,65.2%,66.1%,66.7%,65.7%
QuillBot,35.6%,41.2%,40.8%,38.9%,39.7%,40.1%,39.4%
