Rank,Tool,Overall,Bypass Rate,Meaning,Readability,Factual Accuracy,Length Stability
1,GPTHuman,87.9,92.4%,85.7,89.3,94.1%,1.04×
2,WriteHuman,75.6,87.1%,73.8,69.2,88.6%,1.11×
3,Undetectable.ai,73.8,80.9%,83.4,71.6,89.2%,1.18×
4,Stealth Writer,69.4,78.6%,76.1,63.8,84.7%,1.09×
5,UndetectedGPT,68.7,84.2%,71.9,68.4,82.3%,1.15×
6,HIX Bypass,65.9,71.8%,77.5,59.7,86.1%,1.13×
7,Phrasly,63.1,90.6%,56.8,54.3,79.4%,1.27×
8,SmartHumanizer,60.4,68.3%,69.7,62.9,81.6%,1.08×
9,GPTinf,57.2,65.7%,67.4,58.1,78.9%,1.21×
10,QuillBot,51.8,39.4%,78.6,80.7,91.3%,0.96×
